district,name,email,phone
District 1,John Smith,john.smith@chattanooga.gov,423-555-0101
District 2,Jane Doe,jane.doe@chattanooga.gov,423-555-0102
District 3,Robert Johnson,robert.johnson@chattanooga.gov,423-555-0103
District 4,Mary Williams,mary.williams@chattanooga.gov,423-555-0104
District 5,James Brown,james.brown@chattanooga.gov,423-555-0105
District 6,Patricia Davis,patricia.davis@chattanooga.gov,423-555-0106
District 7,Michael Miller,michael.miller@chattanooga.gov,423-555-0107
District 8,Linda Wilson,linda.wilson@chattanooga.gov,423-555-0108
District 9,William Moore,william.moore@chattanooga.gov,423-555-0109
